{
  "mean_us": 6.177632120861436,
  "min_us": 4.818999968847493,
  "max_us": 31246.12800002069,
  "p95_us": 6.641999789280817,
  "p99_us": 7.9700102969582165,
  "n_medicoes": 207000
}